name,email,age,department,phone
Dale Ellis,,25,Civil,733-947-2203x7584
Jesse Webster,alexanderharper@example.net,21,Electronics,(710)656-7040x554
Thomas Oconnor,john71@example.net,18,Electronics,(865)706-2547
Justin Dunn,daniel08@example.com,25,Electrical,289.790.4222x953
Bill Rogers,teresa31@example.com,28,Civil,366-921-1786
Brittany Allen,ymendoza@example.net,19,Computer Science,(708)540-1937x179
John Long,valdezedwin@example.com,21,Civil,871-570-4759
Matthew Gonzalez,robertproctor@example.net,19,Computer Science,+1-356-366-6680x145
Pamela Stephenson,rickyedwards@example.com,23,Computer Science,+1-758-518-7041x1511
Donald Johnson,elizabeth84@example.com,24,Electronics,(821)358-3305x01565
Stephanie Hammond,,23,Computer Science,891-629-6506x21744
Caleb Vasquez,jmitchell@example.net,30,Computer Science,556.473.3301x189
Jacob Welch,xmcknight@example.com,25,Computer Science,547.897.7687x740
Jamie Hunter,invalidemail@,22,Mechanical,340.347.9326x8293
Jose Fox,wsmith@example.com,28,Mechanical,001-583-430-3620
Joseph Moss,wanda64@example.org,28,Civil,+1-686-969-0680x639
Shelby Mcbride,benjamin12@example.net,28,Electrical,001-468-321-4073
,nelsonantonio@example.com,20,Electrical,904.338.0254
William Arnold,matthew03@example.org,28,Computer Science,001-245-785-8920
Colleen Woods,qjohnson@example.com,-5,Computer Science,445-364-1432
Jose Nguyen,,18,Computer Science,9062183500
Carl Roberts,robertsmike@example.com,28,Electrical,(556)414-6653
Juan Thomas,wdavis@example.com,30,Civil,224-895-5074x87278
Tyler Cox,pvasquez@example.com,twenty,Electrical,624-812-6662
Cynthia Parker,ngreen@example.net,30,Electronics,531.504.3812
Shannon Malone,kimberly39@example.net,26,Electronics,001-497-560-5502x1725
Melissa Mason,invalidemail@,25,Computer Science,(756)817-8402x29718
Arthur Ross,deannamccarty@example.net,25,Electrical,(402)609-8709
Carrie Jackson,rachel28@example.com,20,Computer Science,(547)434-4085
Norman Manning,mariofranco@example.org,24,Civil,757-710-5538x74666
Brian Barrett,,23,Electronics,001-291-832-0820x8230
Angela Martin,davidgallegos@example.com,25,Mechanical,5269201070
Phillip Johnson,ysmith@example.org,27,Mechanical,(777)873-6409x95344
Rachael Anderson,klopez@example.com,21,Computer Science,358.480.8482x8123
,ythomas@example.com,28,Electronics,001-306-216-7631
Sarah Matthews,ryanmonique@example.org,20,Electrical,4389468472
Patrick Crawford,teresajames@example.com,27,Electronics,+1-696-823-5374
Matthew Holland DVM,adamolson@example.com,22,Computer Science,(849)657-4650x4165
Brandi Walker,mark11@example.com,-5,Computer Science,738.201.2525
Richard Pace,invalidemail@,18,Electronics,+1-495-383-3516
Michael Richards,,27,Computer Science,420-998-8021x465
Kim Lopez,stephen41@example.org,24,Electrical,(751)702-0022x409
Edward Howe,alan65@example.org,18,Computer Science,621-208-8595x31085
Alexis Smith,fostergina@example.org,23,Computer Science,+1-736-539-1321x42658
Bryan Turner,thompsonamber@example.com,20,Mechanical,(210)552-0962
Sheryl Moore,lgoodman@example.net,27,Computer Science,(739)772-4614x628
Becky Wilkerson,rosekimberly@example.net,twenty,Electrical,3503048937
Joseph Bailey,julie92@example.com,29,Electronics,725-958-6249
Kelly Lopez,hayesbenjamin@example.net,19,Computer Science,8603723565
Sarah Swanson,zsalas@example.net,19,Electronics,001-706-325-3052x293
Derrick Mills,,24,Mechanical,+1-624-683-0791x361
,zortega@example.net,21,Civil,+1-474-532-3280
Lisa Williams,invalidemail@,20,Computer Science,987.714.6410
John Henson,davidrussell@example.com,26,Civil,714-489-4676x18185
Joshua Mcdaniel,seanbrown@example.net,25,Electrical,2824081792
Amy Kennedy,marksimmons@example.net,18,Electronics,440-261-8069
Jennifer Cohen,wdaniels@example.com,27,Computer Science,747-241-2008
Kimberly Cervantes,agoodman@example.com,-5,Electrical,3082552621
Jennifer Johnson,kellyparker@example.com,22,Mechanical,(791)378-3363x0413
Lisa Fernandez,campbellchristopher@example.com,22,Mechanical,001-397-418-0477x172
Patricia Valencia,,26,Electrical,899.424.8754x87168
Rebecca Miller,betty00@example.org,19,Civil,(961)297-1706x6611
Anna Mullen,hmiller@example.com,30,Computer Science,294.549.2383x609
Carmen White,thompsonsherry@example.org,29,Civil,(617)375-5576x580
Juan Waters,gentryamanda@example.org,22,Electronics,378.887.8983
Luis Lambert,invalidemail@,24,Computer Science,+1-751-834-6323x384
Tracy Stein,adam85@example.com,18,Computer Science,(550)243-2902x6694
Erica Turner,melanie22@example.com,29,Electrical,434.689.9147x7606
,johnnynelson@example.org,21,Electrical,7707124258
Thomas Sullivan,frussell@example.org,twenty,Mechanical,868.287.8253x9660
Stacey Michael,,26,Mechanical,(584)773-4488x19102
Linda Mckinney,johnsonmelanie@example.com,20,Computer Science,+1-230-806-9498x9826
Ms. Kelly Brown,dianaharris@example.com,20,Civil,808.201.8587x30381
Kenneth Reynolds,higginsmary@example.com,20,Computer Science,001-552-377-0798x524
Brittney Thomas,jeremy59@example.net,29,Electrical,(973)842-4484x427
Linda Perkins,alisha27@example.com,30,Electronics,586.754.5143
Tony Roberts,nicolemoore@example.net,-5,Mechanical,(960)838-9875x111
Dylan Velasquez,gibbsrachel@example.com,24,Electronics,633-374-2465
Alexandra Caldwell,invalidemail@,22,Civil,647-813-2306x9648
Samuel Duncan,ricky40@example.net,18,Civil,880.258.8087x50576
Brittney Davis,,22,Mechanical,667-422-7961x9572
Bryan Gardner,sjenkins@example.org,29,Civil,4034140293
Adrienne Johnson,harrisshawn@example.net,24,Computer Science,(617)764-2211x9561
Sharon Khan,fmartinez@example.net,20,Electrical,986-951-4006x450
Julia Richardson,kadams@example.org,24,Computer Science,306.622.7588x853
,coryhurst@example.net,26,Mechanical,001-708-854-2114x65285
Andrew Henderson,james21@example.com,18,Civil,307-483-5626
Tim Willis,dennisbrown@example.net,18,Computer Science,875.248.4087x371
Dana Jarvis,michele24@example.org,21,Civil,574-413-1852x6168
Courtney Harvey,djohnson@example.org,25,Electronics,453-746-1256
Lauren Webb,,19,Electrical,825-810-8161
Christopher Lewis,invalidemail@,20,Electrical,7992833892
Austin Howell,antonio71@example.net,twenty,Mechanical,468-675-9771x66070
Cynthia Burns,boonejoe@example.org,29,Mechanical,607.499.9453x012
James Johnson,christopher13@example.com,20,Computer Science,001-328-435-4286x2088
Michael Todd,lsimmons@example.com,-5,Electronics,(885)940-7552x971
Russell Peterson,arthur56@example.org,24,Computer Science,001-470-237-2133x248
Jeffrey Kaiser,pamela61@example.com,24,Computer Science,942-685-8782x88745
Cheryl Callahan,qburke@example.net,20,Civil,2197964277
Janet Henderson,diamond57@example.net,27,Civil,001-813-597-9622x247
Jaclyn Sexton,,18,Electrical,(247)943-6443x77654
Kathryn Lee,belliott@example.net,29,Computer Science,5077673175
,gmartinez@example.org,27,Computer Science,842.237.2278x943
Ashley West,rodriguezjennifer@example.org,29,Computer Science,001-372-372-0809x1299
Jennifer Allen,invalidemail@,28,Computer Science,444-632-1331x8554
Barbara Hayes,christopherhernandez@example.net,19,Electrical,590.684.9696x024
Michael Flowers,andremorgan@example.net,19,Electrical,(848)876-7345x07564
Katelyn Hoover,gallagheramber@example.com,19,Electrical,001-262-784-8772
Rachel Rangel,garrett21@example.org,20,Computer Science,748.711.3193x1172
Allison Holland,christophergoodman@example.com,27,Electrical,203.427.3009x3145
Todd Hubbard,,23,Computer Science,001-830-614-3744x387
Shannon Cross,molly92@example.com,21,Computer Science,001-654-717-5212x5146
Becky Martin,gabrielle09@example.org,24,Civil,546.823.3645x445
Laura Bishop,kdouglas@example.org,21,Electronics,6783196638
Pamela Gates,christopher52@example.org,-5,Civil,+1-799-402-1970x47359
Brittany Mclaughlin,aanderson@example.net,twenty,Mechanical,001-251-341-7649
Mrs. Karen Clark,monicarodriguez@example.com,25,Civil,+1-459-286-1046x9105
Michele Rollins,invalidemail@,23,Mechanical,931-283-3330x82826
Jamie Raymond,roberthodges@example.org,21,Electronics,(222)291-8242x74854
,hughescarlos@example.net,29,Civil,674-618-3080
Allen Knight,,24,Electrical,421.719.3020x512
Joel Moore,wthompson@example.net,26,Mechanical,508-620-2940x698
Monica Chavez,qbaker@example.org,26,Civil,711-859-7987x12675
Matthew Moore,morenokellie@example.org,22,Civil,+1-557-258-2007x0004
Anthony Miller,thompsonalexis@example.com,23,Electronics,371-467-7718x526
Scott Patton,quinnvalerie@example.org,29,Computer Science,728.691.6149
Jacob Rogers,sergio97@example.net,27,Civil,+1-726-897-5427x1866
Tracy Davis,chudson@example.org,26,Electrical,726.528.7115x2674
Nicolas Wright,rosejason@example.com,19,Computer Science,9192886650
Maria Pearson,vanessa26@example.com,28,Mechanical,210.960.2478x19897
Marcus Hughes,,20,Computer Science,+1-831-287-7702x918
Deborah Nunez,christopher17@example.net,23,Electronics,968-641-1332
Lydia Allen,edwardsalex@example.org,24,Electronics,771-390-9084
Sharon Davies,tonycarlson@example.org,-5,Electronics,(413)620-7386
Lisa Ross,matthewperkins@example.com,29,Electronics,438-698-9651x617
Adrian Miller,wendy75@example.net,28,Mechanical,+1-856-360-3403x6144
,richardsonstephanie@example.org,26,Electronics,926-520-4321x6248
Rick Lee,nelsontabitha@example.org,19,Electrical,001-309-537-9280x145
Joel Rogers,maria53@example.org,twenty,Mechanical,839-926-4388x3428
Jonathan Watson,hamiltonashley@example.org,22,Electrical,781.806.9377
Christina Sanchez,,20,Electrical,001-431-781-9971x266
William Tucker,jerry04@example.net,26,Civil,(420)354-0565
Tyler Burns,fking@example.com,24,Mechanical,(709)360-4000x94093
Michael Thomas,invalidemail@,18,Civil,671-787-2557x66796
Gary Martinez,jessica85@example.net,21,Computer Science,(403)534-6685x61169
Heather Davis,nzamora@example.org,27,Computer Science,+1-595-896-4162x9771
Linda Anderson,gonzalezmichael@example.org,26,Electronics,5308494267
Ashley Coleman,cholt@example.net,28,Mechanical,001-474-733-9855x9144
Diana English,hsingh@example.net,29,Electronics,+1-338-229-7045
Alexis Holmes,mikaylatucker@example.org,22,Computer Science,001-230-607-2893x0747
